{"cameraMode":{"drawMode":0,"name":"Shaded","section":"Shading Mode"},"sceneLighting":false,"audioPlay":false,"sceneViewState":{"m_AlwaysRefresh":false,"showFog":true,"showSkybox":false,"showFlares":true,"showImageEffects":true,"showParticleSystems":true,"showVisualEffectGraphs":true,"m_FxEnabled":true},"in2DMode":false,"pivot":{"x":11.323774337768555,"y":0.9859119057655335,"z":6.957544326782227},"rotation":{"x":0.07523266971111298,"y":0.8737910389900208,"z":-0.14335300028324128,"w":0.45857757329940798},"size":1.0228345394134522,"orthographic":false}